Country Name,Country Code,Series Name,Series Code,2013 [YR2013],2014 [YR2014],2015 [YR2015],2016 [YR2016],2017 [YR2017],2018 [YR2018],2019 [YR2019],2020 [YR2020],2021 [YR2021],2022 [YR2022],2023 [YR2023],2024 [YR2024],2025 [YR2025]
United Kingdom,GBR,GDP per capita (current US$),NY.GDP.PCAP.CD,43607.6636827371,47746.9810645521,45256.040227057,41258.5374285695,40918.0520870944,43704.3162296687,43160.6843971799,40815.1255364787,47695.6491523474,47034.7795621476,49919.6896621586,53341.3131094262,57601.9621201954
United States,USA,GDP per capita (current US$),NY.GDP.PCAP.CD,53297.3862901595,55153.3940182967,56849.4697923159,57976.628204291,60047.7190728307,62875.6661382728,65227.9565911038,64465.2971415748,71441.2319805947,78008.6895811877,82586.7847707894,86169.6641581917,90026.5163005744
United Arab Emirates,ARE,GDP per capita (current US$),NY.GDP.PCAP.CD,53247.2278745159,52725.2307981936,44910.3458860776,42721.1136110991,43733.6242018215,47135.3478795605,45938.6084572227,37991.738387966,44118.4936214315,50759.7590190204,49850.6945082084,50273.5126243239,..
Canada,CAN,GDP per capita (current US$),NY.GDP.PCAP.CD,52637.7313222622,50960.8942086685,43594.2379080706,42314.1033623905,45129.7335281051,46539.2177903178,46352.9695208927,43537.8981198851,52886.6407813788,56496.9275340663,54847.5370112652,55015.7066917734,55697.6639660837
Mexico,MEX,GDP per capita (current US$),NY.GDP.PCAP.CD,11216.800851866,11391.3773503964,10021.2386113616,9097.92397674769,9649.27816729586,10084.7937570364,10369.5553593527,8841.27074929751,10314.0506733708,11405.7940469896,13830.843848864,13988.0423745241,13889.2339628708
Germany,DEU,GDP per capita (current US$),NY.GDP.PCAP.CD,47206.8353514242,48959.5991203133,41929.7549110722,42948.9381932694,45553.9341495339,48916.1686612154,47656.199739747,47394.8734504469,52349.2459994422,50506.5179638543,54776.7668235491,56103.7323182554,60496.4350820414
France,FRA,GDP per capita (current US$),NY.GDP.PCAP.CD,42669.1795111893,43148.0459288416,36702.4323733379,37024.2157133669,38687.1626407164,41418.1766484844,40408.2848574751,39169.8606000707,43725.0999521245,40988.6396406579,44700.1384177544,46103.0840855884,48985.7307807924
Italy,ITA,GDP per capita (current US$),NY.GDP.PCAP.CD,35701.6746002376,36028.3494022349,30639.8829751432,31391.5692898108,32844.115660604,35062.3364176949,33812.788724868,32091.4866621366,36852.5425414951,35653.9042103495,39279.699782164,40429.6224047352,43308.6403060733
Greece,GRC,GDP per capita (current US$),NY.GDP.PCAP.CD,21573.3449762805,21474.7257123892,17980.7298238137,17919.2426377048,18631.9930129293,19873.4015238771,19335.3602002969,17886.733165236,20652.89659591,20884.6773436263,23343.7103964562,24626.1481858973,26948.0070432791
Poland,POL,GDP per capita (current US$),NY.GDP.PCAP.CD,13621.9023794031,14262.2841914116,12637.5220324406,12464.0121044827,13913.3415190124,15658.210586693,15874.5220531254,16150.9304813473,18635.5104895754,18891.2121169279,22145.2660647429,25103.565661423,28419.5777395638
India,IND,GDP per capita (current US$),NY.GDP.PCAP.CD,1432.84397512195,1553.88396075118,1583.99815907985,1707.50892912243,1950.10468280866,1966.25455171679,2041.42863698585,1907.04251637669,2239.61384367482,2279.98145719369,2434.44826340989,2591.9916607122,2702.47987141553
Pakistan,PAK,GDP per capita (current US$),NY.GDP.PCAP.CD,1225.4340119198,1266.61340849959,1380.47020838317,1424.69161195897,1519.23459514248,1569.33814626355,1390.41690981745,1278.39735206896,1455.31922370186,1538.3228133171,1360.32417758419,1479.47755241191,1595.90912252837
Bangladesh,BGD,GDP per capita (current US$),NY.GDP.PCAP.CD,958.262989798283,1094.46199702838,1224.38647668165,1649.28380858601,1811.08221668646,1965.24372731467,2129.79896954606,2248.85078828233,2482.84917843357,2716.48592780431,2551.01773827307,2593.41611680774,2597.34352335275
Sri Lanka,LKA,GDP per capita (current US$),NY.GDP.PCAP.CD,3739.43182292825,3972.04377042271,4057.71582716521,4149.19189391879,4398.88828786059,4358.56095905888,4081.94772178134,3847.60136741182,3996.96240531688,3342.63650438046,3815.41531767474,4545.36006870612,5002.07904353724
China,CHN,GDP per capita (current US$),NY.GDP.PCAP.CD,7147.03518622344,7781.06597484974,8175.33285077393,8254.86859320357,8979.67652709856,10085.6638148819,10342.9009524335,10627.4637989619,12887.4357242941,12970.6056414327,12951.1782397043,13293.1162269366,13861.970224368
Japan,JPN,GDP per capita (current US$),NY.GDP.PCAP.CD,41369.1948479498,39172.8471161948,35664.6446110613,40214.9688631562,39679.8635262948,40645.478086519,41424.8655601543,41098.9739004553,41580.739040705,35548.2645222433,35215.003535366,33797.1014287876,35951.0449549304
Australia,AUS,GDP per capita (current US$),NY.GDP.PCAP.CD,68476.6788496118,62817.2061751737,56970.3613028094,50084.4440606385,54117.547718609,57410.1737346009,55194.7585097428,51983.4523666382,60758.9044397144,65169.5191118657,65058.3773146674,64609.9865116088,65129.7227990563
Indonesia,IDN,GDP per capita (current US$),NY.GDP.PCAP.CD,3566.60284506078,3441.06808464008,3288.22269725538,3521.46943457574,3798.88326174526,3860.95353090726,4106.94856160358,3853.70288774146,4287.17313995098,4730.83484836107,4876.2992959843,4925.43644992666,5059.62596411213
Philippines,PHL,GDP per capita (current US$),NY.GDP.PCAP.CD,2781.27957677397,2866.83803761407,2909.85818010301,2985.19564024046,3038.12124959289,3168.51036609727,3400.78949767074,3227.57910235199,3484.38593882819,3548.06930572116,3804.08274131718,3985.29464669706,4170.72347271451
Brazil,BRA,GDP per capita (current US$),NY.GDP.PCAP.CD,12458.8912138813,12274.9939689363,8936.19661712113,8836.28652735657,10080.5092819305,9300.66164923219,9029.83326681073,7074.19378337644,7972.5366498646,9281.33334441234,10377.5892792557,10310.5486973693,10713.2856869511
Argentina,ARG,GDP per capita (current US$),NY.GDP.PCAP.CD,12963.675773326,12233.1444119186,13679.6264980954,12699.9623137756,14532.5009308511,11752.7998922979,9955.97478680428,8535.59938004389,10738.0179223384,13962.1894087223,14261.8465667948,13969.7836603737,14898.0885943842
Colombia,COL,GDP per capita (current US$),NY.GDP.PCAP.CD,8279.10255642981,8187.20824890084,6248.51490534512,5959.84250367574,6479.53231292429,6816.96818309544,6472.54544924705,5339.68711357943,6222.62164397614,6680.44506854481,7012.49169137756,7951.08624019412,8561.62091854449
Chile,CHL,GDP per capita (current US$),NY.GDP.PCAP.CD,15683.5486369155,14529.6767206336,13433.9202987032,13649.8520452803,14879.9086227187,15659.4808675628,14496.9345640362,13117.9930230086,16216.1840860289,15399.1044717559,17081.5180740049,16658.9652720351,17994.5911957485
Saudi Arabia,SAU,GDP per capita (current US$),NY.GDP.PCAP.CD,27865.465604962,27805.4850319422,23256.1549553531,22267.7217050387,23929.2907135982,29360.0658968566,29566.7933827436,24338.8307301067,31920.7653655643,38510.2276211037,36156.8562500172,35527.786181866,34536.6555456551
Turkiye,TUR,GDP per capita (current US$),NY.GDP.PCAP.CD,12635.5570016068,12209.3862327674,11064.6494504662,10984.3643169061,10756.3877677883,9684.11819884721,9395.23378001368,8798.11791709313,9981.76398411336,10897.8397861365,13375.0947282864,15892.7157287241,18599.4420922378
"Egypt, Arab Rep.",EGY,GDP per capita (current US$),NY.GDP.PCAP.CD,3025.52563552448,3133.39102265541,3306.98159414141,3270.6287768197,2395.10333299491,2484.70315630508,2962.98892023003,3511.11381026379,3827.35415374308,4233.30783744856,3456.78965212363,3338.47371043679,3085.80712036204
"Iran, Islamic Rep.",IRN,GDP per capita (current US$),NY.GDP.PCAP.CD,6222.74194840326,5672.06372896319,4952.73355532178,5710.59947089104,6000.93346404409,4783.01067340237,3997.4935449585,3202.50003502169,4605.14881318992,4721.20437099984,5049.29931642754,5190.16959024821,3924.38017821898
South Africa,ZAF,GDP per capita (current US$),NY.GDP.PCAP.CD,7331.65467384919,6856.73137092522,6112.27382485974,5651.20585165749,6618.33508255701,6914.1780318076,6533.71121032856,5580.60383075189,6828.75624590017,6534.24867783397,6034.27208964673,6267.186814093,6597.71450918774
Nigeria,NGA,GDP per capita (current US$),NY.GDP.PCAP.CD,2872.79083379398,3088.72131316169,2585.73360671797,2070.4127339595,1876.34027111773,2057.87944554011,3189.81286496183,2797.184580679,2787.48779220991,2899.16047469267,2138.76383718757,1084.16041805058,1224.25410237743
Kenya,KEN,GDP per capita (current US$),NY.GDP.PCAP.CD,1370.87885214659,1482.81566253497,1489.11959777284,1554.12610314423,1667.48447230835,1836.45275528993,1960.40808854893,1927.66459027849,2061.35622089594,2109.56288513137,1942.58802756191,2133.46193404026,2362.86091198611
Ethiopia,ETH,GDP per capita (current US$),NY.GDP.PCAP.CD,484.039833104062,549.986577082588,597.912113218663,641.651523286233,696.348429076216,739.702022272086,793.473247218996,829.790982552951,893.009835441784,982.103161502198,1055.81091593061,1133.88279681256,932.729352775179
"Congo, Dem. Rep.",COD,GDP per capita (current US$),NY.GDP.PCAP.CD,460.370334930107,489.175952097319,495.826633014883,459.765036590388,431.052559128788,518.169626875371,504.00419142286,486.425572682256,595.743074403567,687.738587554685,660.21205238997,692.887665085098,806.776000708534
Russian Federation,RUS,GDP per capita (current US$),NY.GDP.PCAP.CD,15941.4482421875,14055.47265625,9277.7138671875,8663.158203125,10658.9130859375,11211.8876953125,11447.701171875,10108.3271484375,12425.029296875,15625.6328125,13986.9951171875,14961.8974609375,17546.609375
Georgia,GEO,GDP per capita (current US$),NY.GDP.PCAP.CD,4712.00229382665,4830.33486170249,4086.6223465965,4143.40125686315,4418.75206546679,4804.0546040444,4741.2832715876,4300.85701291207,5083.60695484577,6729.84659930283,8283.66960652261,8967.67525638987,9691.53472415196
Kazakhstan,KAZ,GDP per capita (current US$),NY.GDP.PCAP.CD,13478.459627612,12427.7094576939,10196.1226255982,7475.56688689424,8943.08416791984,9472.48527327758,9457.12614657136,8781.50797787648,9983.60103576902,11255.3396437881,12879.4275257974,14154.6324958076,14692.1331757237
,,,,,,,,,,,,,,,,
,,,,,,,,,,,,,,,,
,,,,,,,,,,,,,,,,
Data from database: World Development Indicators,,,,,,,,,,,,,,,,
Last Updated: 07/13/2026,,,,,,,,,,,,,,,,
Code,License Type,Indicator Name,Long definition,Source,Topic,Dataset,Unit of measure,Periodicity,Reference period,Aggregation method,Statistical concept and methodology,Development relevance,License URL
NY.GDP.PCAP.CD,CC BY-4.0,GDP per capita (current US$),"Gross domestic product is the total income earned through the production of goods and services in an economic territory during an accounting period. It can be measured in three different ways: using either the expenditure approach, the income approach, or the production approach. The core indicator has been divided by the general population to achieve a per capita estimate.This indicator is expressed in current prices, meaning no adjustment has been made to account for price changes over time. This indicator is expressed in United States dollars.","Country official statistics, National Statistical Organizations and/or Central Banks;
National Accounts data files, Organisation for Economic Co-operation and Development (OECD);
Staff estimates, World Bank (WB)",Economic Policy & Debt: National accounts: US$ at current prices: Aggregate indicators,WB_WDI,current US$,Annual,1960-2025,Weighted average,"Methodology: National accounts are compiled in accordance with international standards: System of National Accounts, 2008 or 1993 versions. Specific information on how countries compile their national accounts can be found on the IMF website: https://dsbb.imf.org/ Per capita estimates are divided by the total population.
Statistical concept(s): The conceptual elements of the SNA (System of National Accounts) measure what takes place in the economy, between which agents, and for what purpose. At the heart of the SNA is the production of goods and services. These may be used for consumption in the period to which the accounts relate or may be accumulated for use in a later period. In simple terms, the amount of value added generated by production represents GDP. The income corresponding to GDP is distributed to the various agents or groups of agents as income and it is the process of distributing and redistributing income that allows one agent to consume the goods and services produced by another agent or to acquire goods and services for later consumption. The way in which the SNA captures this pattern of economic flows is to identify the activities concerned by recognizing the institutional units in the economy and by specifying the structure of accounts capturing the transactions relevant to one stage or another of the process by which goods and services are produced and ultimately consumed.","This indicator is related to the national accounts, which are critical for understanding and managing a country's economy. They provide a framework for the analysis of economic performance. National accounts are the basis for estimating the Gross Domestic Product (GDP) and Gross National Income (GNI), which are the most widely used indicator of economic performance. They are essential for government policymakers, providing the data needed to design and assess fiscal and monetary policies; and are also used by businesses and investors to assess the economic climate and make investment decisions. NAS enable comparison between economies, which is crucial for international trade, investment decisions, and economic competitiveness. More specifically, this indicator is related to national accounts aggregates. Gross Domestic Product (GDP), Gross National Income (GNI), and other aggregates provide a snapshot of the size and health of an economy by measuring the total economic activity within a country. They can thus be used by policymakers to design and implement economic policies, as they reflect the overall economic performance and can indicate the need for intervention in certain areas. Aggregates also allow for comparisons between different economies, which can be useful for trade negotiations, investment decisions, and economic benchmarking. By examining aggregates over time, economists and analysts can identify trends, cycles, and potential areas of concern within an economy, and investors can use national accounts aggregates to assess the potential risks and returns of investing in a particular country. Overall, national accounts aggregates are fundamental tools for economic analysis, policy formulation, and decision-making at both the national and international levels.",https://datacatalog.worldbank.org/int/public-licenses#cc-by
